{
  "acqf": "qEUBO",
  "switch_iter": 8,
  "retest_delay": 1,
  "n_seeds": 5,
  "u1_star": -0.0046805736849966535,
  "u2_star": -0.008670846292902733
}